{
  "Youden Index": 0.16026748666410146,
  "F1-score": 0.1886150770773967,
  "99% specificity": 0.4469452918849471,
  "99% sensitivity": 0.04805606894862742
}